tweet_id,timestamp_time,timestamp_date,rating_numerator,rating_denominator_1,p1,p1_conf,p1_dog,p1_conf_level
891815181378084864,00:18:03,2017-07-31,12,10,Chihuahua,0.716012,True,confidence
891327558926688256,16:00:24,2017-07-29,12,10,basset,0.555712,True,confidence
890729181411237888,00:22:40,2017-07-28,13,10,Pomeranian,0.566142,True,confidence
890240255349198849,15:59:51,2017-07-26,14,10,Pembroke,0.511319,True,confidence
890006608113172480,00:31:25,2017-07-26,13,10,Samoyed,0.957979,True,very confidence
889665388333682689,01:55:32,2017-07-25,13,10,Pembroke,0.966327,True,very confidence
889638837579907072,00:10:02,2017-07-25,12,10,French_bulldog,0.99165,True,very confidence
889531135344209921,17:02:04,2017-07-24,13,10,golden_retriever,0.953442,True,very confidence
889278841981685760,00:19:32,2017-07-24,13,10,whippet,0.626152,True,confidence
888917238123831296,00:22:39,2017-07-23,12,10,golden_retriever,0.714719,True,confidence
888554962724278272,00:23:06,2017-07-22,13,10,Siberian_husky,0.700377,True,confidence
888078434458587136,16:49:33,2017-07-20,12,10,French_bulldog,0.995026,True,very confidence
887705289381826560,16:06:48,2017-07-19,13,10,basset,0.821664,True,confidence
887473957103951883,00:47:34,2017-07-19,13,10,Pembroke,0.809197,True,confidence
887101392804085760,00:07:08,2017-07-18,12,10,Samoyed,0.733942,True,confidence
886983233522544640,16:17:36,2017-07-17,13,10,Chihuahua,0.793469,True,confidence
886366144734445568,23:25:31,2017-07-15,12,10,French_bulldog,0.999201,True,very confidence
886258384151887873,16:17:19,2017-07-15,13,10,pug,0.943575,True,very confidence
885984800019947520,22:10:11,2017-07-14,12,10,Blenheim_spaniel,0.972494,True,very confidence
885311592912609280,01:35:06,2017-07-13,13,10,Labrador_retriever,0.908703,True,very confidence
885167619883638784,16:03:00,2017-07-12,13,10,malamute,0.8124819999999999,True,confidence
884876753390489601,20:47:12,2017-07-11,13,10,chow,0.822103,True,confidence
884562892145688576,00:00:02,2017-07-11,13,10,pug,0.5464060000000001,True,confidence
884441805382717440,15:58:53,2017-07-10,14,10,Pembroke,0.993225,True,very confidence
884162670584377345,21:29:42,2017-07-09,12,10,German_shepherd,0.707046,True,confidence
883838122936631299,00:00:04,2017-07-09,12,10,Doberman,0.610946,True,confidence
883482846933004288,00:28:19,2017-07-08,5,10,golden_retriever,0.943082,True,very confidence
883360690899218434,16:22:55,2017-07-07,13,10,chow,0.987997,True,very confidence
883117836046086144,00:17:54,2017-07-07,13,10,golden_retriever,0.949562,True,very confidence
882762694511734784,00:46:41,2017-07-06,12,10,Labrador_retriever,0.85005,True,very confidence
882627270321602560,15:48:34,2017-07-05,13,10,Pembroke,0.542982,True,confidence
882268110199369728,16:01:23,2017-07-04,13,10,golden_retriever,0.762211,True,confidence
881666595344535552,00:11:11,2017-07-03,13,10,Saluki,0.529012,True,confidence
880872448815771648,19:35:32,2017-06-30,12,10,Pembroke,0.791416,True,confidence
880465832366813184,16:39:47,2017-06-29,12,10,golden_retriever,0.913255,True,very confidence
879862464715927552,00:42:13,2017-06-28,13,10,basset,0.813507,True,confidence
879008229531029506,16:07:47,2017-06-25,13,10,vizsla,0.960513,True,very confidence
878776093423087618,00:45:22,2017-06-25,13,10,Italian_greyhound,0.734684,True,confidence
878057613040115712,01:10:23,2017-06-23,14,10,French_bulldog,0.839097,True,confidence
877736472329191424,03:54:17,2017-06-22,13,10,Chesapeake_Bay_retriever,0.8379559999999999,True,confidence
877556246731214848,15:58:08,2017-06-21,12,10,basset,0.995368,True,very confidence
877316821321428993,00:06:44,2017-06-21,13,10,Saluki,0.5099670000000001,True,confidence
877201837425926144,16:29:50,2017-06-20,12,10,Pembroke,0.93112,True,very confidence
876838120628539392,16:24:33,2017-06-19,12,10,bloodhound,0.575751,True,confidence
876484053909872640,16:57:37,2017-06-18,13,10,golden_retriever,0.874566,True,very confidence
876120275196170240,16:52:05,2017-06-17,13,10,Bernese_mountain_dog,0.534327,True,confidence
875747767867523072,16:11:53,2017-06-16,13,10,Labrador_retriever,0.799551,True,confidence
875021211251597312,16:04:48,2017-06-14,12,10,West_Highland_white_terrier,0.7143189999999999,True,confidence
874680097055178752,17:29:20,2017-06-13,12,10,Labrador_retriever,0.836052,True,confidence
874057562936811520,00:15:36,2017-06-12,12,10,flat-coated_retriever,0.8321770000000001,True,confidence
874012996292530176,21:18:31,2017-06-11,13,10,Cardigan,0.806674,True,confidence
873580283840344065,16:39:04,2017-06-10,13,10,Newfoundland,0.678537,True,confidence
873213775632977920,16:22:42,2017-06-09,12,10,vizsla,0.6197819999999999,True,confidence
872820683541237760,14:20:41,2017-06-08,13,10,pug,0.99912,True,very confidence
872620804844003328,01:06:27,2017-06-08,13,10,cocker_spaniel,0.513191,True,confidence
872486979161796608,16:14:40,2017-06-07,12,10,Pembroke,0.931861,True,very confidence
872261713294495745,01:19:32,2017-06-07,13,10,Labrador_retriever,0.972019,True,very confidence
871879754684805121,00:01:46,2017-06-06,13,10,Shetland_sheepdog,0.969171,True,very confidence
871762521631449091,16:15:56,2017-06-05,12,10,Labrador_retriever,0.921393,True,very confidence
871515927908634625,23:56:03,2017-06-04,12,10,komondor,0.974781,True,very confidence
870656317836468226,15:00:16,2017-06-02,13,10,Pembroke,0.945495,True,very confidence
870374049280663552,20:18:38,2017-06-01,13,10,golden_retriever,0.841001,True,very confidence
870308999962521604,16:00:09,2017-06-01,13,10,Greater_Swiss_Mountain_dog,0.6227520000000001,True,confidence
869772420881756160,04:27:59,2017-05-31,13,10,Pembroke,0.980148,True,very confidence
869702957897576449,23:51:58,2017-05-30,13,10,Pembroke,0.993449,True,very confidence
869596645499047938,16:49:31,2017-05-30,12,10,Chihuahua,0.955156,True,very confidence
869227993411051520,16:24:37,2017-05-29,13,10,Pembroke,0.664181,True,confidence
868622495443632128,00:18:35,2017-05-28,13,10,Labrador_retriever,0.868107,True,very confidence
867900495410671616,00:29:37,2017-05-26,12,10,Labrador_retriever,0.522644,True,confidence
867774946302451713,16:10:44,2017-05-25,13,10,Border_collie,0.661953,True,confidence
867421006826221569,16:44:18,2017-05-24,12,10,Eskimo_dog,0.6164569999999999,True,confidence
866686824827068416,16:06:55,2017-05-22,12,10,flat-coated_retriever,0.51473,True,confidence
866450705531457537,00:28:40,2017-05-22,13,10,French_bulldog,0.905334,True,very confidence
866334964761202691,16:48:45,2017-05-21,12,10,Samoyed,0.984086,True,very confidence
865718153858494464,23:57:46,2017-05-19,13,10,golden_retriever,0.673664,True,confidence
865359393868664832,00:12:11,2017-05-19,13,10,Chesapeake_Bay_retriever,0.832435,True,confidence
865006731092295680,00:50:50,2017-05-18,13,10,Pembroke,0.989882,True,very confidence
864279568663928832,00:41:21,2017-05-16,12,10,bull_mastiff,0.668613,True,confidence
864197398364647424,19:14:50,2017-05-15,13,10,golden_retriever,0.945905,True,very confidence
863432100342583297,16:33:49,2017-05-13,12,10,Staffordshire_bullterrier,0.690517,True,confidence
863062471531167744,16:05:02,2017-05-12,13,10,French_bulldog,0.935804,True,very confidence
862096992088072192,00:08:34,2017-05-10,13,10,chow,0.677589,True,confidence
861383897657036800,00:54:59,2017-05-08,13,10,Cardigan,0.771008,True,confidence
861005113778896900,23:49:50,2017-05-06,12,10,German_shepherd,0.507951,True,confidence
860563773140209665,18:36:06,2017-05-05,13,10,Cardigan,0.583936,True,confidence
859851578198683649,19:26:06,2017-05-03,13,10,Labrador_retriever,0.899086,True,very confidence
859607811541651456,03:17:27,2017-05-03,13,10,golden_retriever,0.8955290000000001,True,very confidence
858843525470990336,00:40:27,2017-05-01,13,10,golden_retriever,0.57812,True,confidence
858471635011153920,00:02:42,2017-04-30,13,10,Pembroke,0.987407,True,very confidence
858107933456039936,23:57:28,2017-04-28,12,10,golden_retriever,0.863874,True,very confidence
857746408056729600,00:00:54,2017-04-28,13,10,Labrador_retriever,0.919832,True,very confidence
857393404942143489,00:38:11,2017-04-27,13,10,malamute,0.8415969999999999,True,very confidence
857263160327368704,16:00:39,2017-04-26,13,10,Samoyed,0.998021,True,very confidence
857029823797047296,00:33:27,2017-04-26,12,10,golden_retriever,0.968623,True,very confidence
856526610513747968,15:13:52,2017-04-24,14,10,Old_English_sheepdog,0.798481,True,confidence
856282028240666624,23:01:59,2017-04-23,14,10,Chihuahua,0.8765430000000001,True,very confidence
854732716440526848,16:25:34,2017-04-19,12,10,Pembroke,0.6955479999999999,True,confidence
854365224396361728,16:05:17,2017-04-18,13,10,Pembroke,0.90708,True,very confidence
854120357044912130,23:52:16,2017-04-17,14,10,black-and-tan_coonhound,0.8548610000000001,True,very confidence
853639147608842240,16:00:07,2017-04-16,13,10,German_shepherd,0.509879,True,confidence
852912242202992640,15:51:39,2017-04-14,12,10,Great_Dane,0.7837649999999999,True,confidence
852672615818899456,23:59:28,2017-04-13,12,10,golden_retriever,0.7112350000000001,True,confidence
851953902622658560,00:23:33,2017-04-12,13,10,Staffordshire_bullterrier,0.757547,True,confidence
850753642995093505,16:54:09,2017-04-08,11,10,pug,0.996952,True,very confidence
850019790995546112,16:18:05,2017-04-06,12,10,Shetland_sheepdog,0.759907,True,confidence
849412302885593088,00:04:08,2017-04-05,12,10,schipperke,0.907559,True,very confidence
848690551926992896,00:16:10,2017-04-03,12,10,flat-coated_retriever,0.8236479999999999,True,confidence
848324959059550208,00:03:26,2017-04-02,12,10,malamute,0.5445760000000001,True,confidence
847842811428974592,16:07:33,2017-03-31,12,10,Bernese_mountain_dog,0.951337,True,very confidence
846514051647705089,00:07:32,2017-03-28,13,10,golden_retriever,0.650003,True,confidence
846042936437604353,16:55:29,2017-03-26,12,10,golden_retriever,0.96111,True,very confidence
845812042753855489,01:38:00,2017-03-26,13,10,Samoyed,0.979803,True,very confidence
845677943972139009,16:45:08,2017-03-25,12,10,chow,0.8086810000000001,True,confidence
845306882940190720,16:10:40,2017-03-24,12,10,Irish_water_spaniel,0.567475,True,confidence
844973813909606400,18:07:10,2017-03-23,12,10,Labrador_retriever,0.742421,True,confidence
844704788403113984,00:18:10,2017-03-23,13,10,Labrador_retriever,0.980213,True,very confidence
844223788422217728,16:26:50,2017-03-21,12,10,Labrador_retriever,0.71951,True,confidence
843856843873095681,16:08:44,2017-03-20,12,10,Labrador_retriever,0.92254,True,very confidence
843235543001513987,22:59:54,2017-03-18,13,10,Pembroke,0.958452,True,very confidence
842892208864923648,00:15:37,2017-03-18,13,10,Chihuahua,0.50537,True,confidence
842535590457499648,00:38:32,2017-03-17,13,10,Pembroke,0.685084,True,confidence
842163532590374912,00:00:07,2017-03-16,12,10,French_bulldog,0.891227,True,very confidence
841680585030541313,16:01:03,2017-03-14,12,10,Chihuahua,0.547401,True,confidence
841314665196081154,15:47:01,2017-03-13,13,10,Afghan_hound,0.903712,True,very confidence
841077006473256960,00:02:39,2017-03-13,12,10,Brittany_spaniel,0.962985,True,very confidence
840632337062862849,18:35:42,2017-03-11,12,10,golden_retriever,0.711148,True,confidence
840268004936019968,18:27:58,2017-03-10,12,10,Chesapeake_Bay_retriever,0.8639870000000001,True,very confidence
839990271299457024,00:04:21,2017-03-10,13,10,Staffordshire_bullterrier,0.604938,True,confidence
839239871831150596,22:22:32,2017-03-07,13,10,Leonberg,0.927021,True,very confidence
838921590096166913,01:17:48,2017-03-07,13,10,Border_terrier,0.664538,True,confidence
838476387338051585,19:48:43,2017-03-05,13,10,Great_Pyrenees,0.997692,True,very confidence
838083903487373313,17:49:08,2017-03-04,13,10,chow,0.800975,True,confidence
837820167694528512,00:21:08,2017-03-04,12,10,golden_retriever,0.887625,True,very confidence
837471256429613056,01:14:41,2017-03-03,12,10,Norwegian_elkhound,0.976255,True,very confidence
837366284874571778,18:17:34,2017-03-02,13,10,American_Staffordshire_terrier,0.660085,True,confidence
837110210464448512,01:20:01,2017-03-02,13,10,Siberian_husky,0.767696,True,confidence
836260088725786625,17:01:56,2017-02-27,13,10,borzoi,0.564688,True,confidence
836001077879255040,23:52:43,2017-02-26,13,10,Samoyed,0.963558,True,very confidence
835574547218894849,19:37:50,2017-02-25,11,10,Staffordshire_bullterrier,0.6106550000000001,True,confidence
835172783151792128,17:01:22,2017-02-24,12,10,Border_collie,0.663138,True,confidence
834209720923721728,01:14:30,2017-02-22,12,10,golden_retriever,0.754799,True,confidence
833722901757046785,17:00:04,2017-02-20,13,10,West_Highland_white_terrier,0.918144,True,very confidence
833479644947025920,00:53:27,2017-02-20,13,10,golden_retriever,0.727039,True,confidence
833124694597443584,01:23:00,2017-02-19,12,10,Cardigan,0.7105229999999999,True,confidence
832998151111966721,17:00:10,2017-02-18,13,10,boxer,0.539036,True,confidence
832636094638288896,17:01:29,2017-02-17,12,10,Eskimo_dog,0.5250319999999999,True,confidence
832397543355072512,01:13:34,2017-02-17,12,10,Pekinese,0.988916,True,very confidence
832369877331693569,23:23:38,2017-02-16,11,10,kelpie,0.50469,True,confidence
832040443403784192,01:34:34,2017-02-16,12,10,miniature_pinscher,0.796313,True,confidence
832032802820481025,01:04:13,2017-02-16,12,10,whippet,0.601712,True,confidence
831911600680497154,17:02:36,2017-02-15,14,10,bloodhound,0.777562,True,confidence
831670449226514432,01:04:21,2017-02-15,13,10,Pembroke,0.6248020000000001,True,confidence
831650051525054464,23:43:18,2017-02-14,13,10,Eskimo_dog,0.530416,True,confidence
831322785565769729,02:02:51,2017-02-14,12,10,Old_English_sheepdog,0.999715,True,very confidence
831315979191906304,01:35:49,2017-02-14,13,10,briard,0.982755,True,very confidence
830583320585068544,01:04:29,2017-02-12,13,10,Labrador_retriever,0.908703,True,very confidence
829878982036299777,02:25:42,2017-02-10,12,10,golden_retriever,0.6173890000000001,True,confidence
829501995190984704,01:27:41,2017-02-09,12,10,French_bulldog,0.950851,True,very confidence
829374341691346946,17:00:26,2017-02-08,13,10,Staffordshire_bullterrier,0.757547,True,confidence
829141528400556032,01:35:19,2017-02-08,12,10,golden_retriever,0.57314,True,confidence
828650029636317184,17:02:17,2017-02-06,14,10,golden_retriever,0.649209,True,confidence
828376505180889089,22:55:23,2017-02-05,13,10,American_Staffordshire_terrier,0.5230859999999999,True,confidence
828372645993398273,22:40:03,2017-02-05,12,10,malamute,0.663047,True,confidence
828011680017821696,22:45:42,2017-02-04,11,10,American_Staffordshire_terrier,0.936662,True,very confidence
827933404142436356,17:34:40,2017-02-04,12,10,German_shepherd,0.8061149999999999,True,confidence
827199976799354881,17:00:17,2017-02-02,13,10,Great_Dane,0.8696809999999999,True,very confidence
826958653328592898,01:01:21,2017-02-02,12,10,golden_retriever,0.6173890000000001,True,confidence
826848821049180160,17:44:55,2017-02-01,13,10,Great_Pyrenees,0.858764,True,very confidence
826598365270007810,01:09:42,2017-02-01,13,10,French_bulldog,0.628119,True,confidence
826476773533745153,17:06:32,2017-01-31,12,10,German_shepherd,0.7418600000000001,True,confidence
826240494070030336,01:27:39,2017-01-31,11,10,French_bulldog,0.903048,True,very confidence
826204788643753985,23:05:46,2017-01-30,13,10,Labrador_retriever,0.782058,True,confidence
825829644528148480,22:15:05,2017-01-29,12,10,Great_Pyrenees,0.8534069999999999,True,very confidence
825535076884762624,02:44:34,2017-01-29,14,10,Rottweiler,0.681495,True,confidence
825026590719483904,17:04:02,2017-01-27,12,10,Eskimo_dog,0.524454,True,confidence
824775126675836928,00:24:48,2017-01-27,12,10,Border_terrier,0.610499,True,confidence
824663926340194305,17:02:56,2017-01-26,13,10,English_setter,0.526488,True,confidence
824325613288833024,18:38:36,2017-01-25,13,10,Pembroke,0.990793,True,very confidence
823269594223824897,20:42:21,2017-01-22,11,10,Samoyed,0.585441,True,confidence
822610361945911296,01:02:48,2017-01-21,12,10,cocker_spaniel,0.6644869999999999,True,confidence
822462944365645825,15:17:01,2017-01-20,14,10,Pomeranian,0.960199,True,very confidence
822244816520155136,00:50:15,2017-01-20,11,10,Samoyed,0.585441,True,confidence
821813639212650496,20:16:54,2017-01-18,12,10,Saint_Bernard,0.995143,True,very confidence
821765923262631936,17:07:18,2017-01-18,13,10,golden_retriever,0.980071,True,very confidence
821522889702862852,01:01:34,2017-01-18,13,10,Doberman,0.7635390000000001,True,confidence
821407182352777218,17:21:47,2017-01-17,14,10,Irish_setter,0.5054960000000001,True,confidence
821149554670182400,00:18:04,2017-01-17,12,10,German_shepherd,0.515933,True,confidence
821107785811234820,21:32:06,2017-01-16,11,10,Pomeranian,0.85659,True,very confidence
820749716845686786,21:49:15,2017-01-15,13,10,golden_retriever,0.8380120000000001,True,confidence
820446719150292993,01:45:15,2017-01-15,13,10,golden_retriever,0.938048,True,very confidence
820314633777061888,17:00:24,2017-01-14,14,10,Gordon_setter,0.940724,True,very confidence
819952236453363712,17:00:21,2017-01-13,13,10,American_Staffordshire_terrier,0.925505,True,very confidence
819588359383371776,16:54:26,2017-01-12,13,10,Cardigan,0.5479350000000001,True,confidence
819347104292290561,00:55:47,2017-01-12,12,10,Rottweiler,0.909106,True,very confidence
818145370475810820,17:20:31,2017-01-08,11,10,golden_retriever,0.621931,True,confidence
817777686764523521,16:59:28,2017-01-07,13,10,curly-coated_retriever,0.733256,True,confidence
817536400337801217,01:00:41,2017-01-07,12,10,pug,0.971358,True,very confidence
817415592588222464,17:00:38,2017-01-06,11,10,Doberman,0.806163,True,confidence
817181837579653120,01:31:47,2017-01-06,13,10,Tibetan_mastiff,0.506312,True,confidence
817120970343411712,21:29:55,2017-01-05,13,10,Saluki,0.568809,True,confidence
817056546584727552,17:13:55,2017-01-05,11,10,kelpie,0.8644149999999999,True,very confidence
816816676327063552,01:20:46,2017-01-05,12,10,malamute,0.668164,True,confidence
816697700272001025,17:27:59,2017-01-04,12,10,Chihuahua,0.756992,True,confidence
816336735214911488,17:33:39,2017-01-03,11,10,Labrador_retriever,0.91933,True,very confidence
816091915477250048,01:20:49,2017-01-03,12,10,Pomeranian,0.967345,True,very confidence
816014286006976512,20:12:21,2017-01-02,11,10,English_setter,0.677408,True,confidence
815966073409433600,17:00:46,2017-01-02,13,10,Tibetan_mastiff,0.506312,True,confidence
815736392542261248,01:48:06,2017-01-02,11,10,Border_collie,0.5489069999999999,True,confidence
815639385530101762,19:22:38,2017-01-01,12,10,German_shepherd,0.8179529999999999,True,confidence
814986499976527872,00:08:17,2016-12-31,11,10,dalmatian,0.999828,True,very confidence
814638523311648768,01:05:33,2016-12-30,12,10,golden_retriever,0.650814,True,confidence
814530161257443328,17:54:58,2016-12-29,12,10,miniature_poodle,0.626913,True,confidence
813910438903693312,00:52:25,2016-12-28,11,10,Siberian_husky,0.6993550000000001,True,confidence
813812741911748608,18:24:12,2016-12-27,14,10,French_bulldog,0.709146,True,confidence
813800681631023104,17:36:16,2016-12-27,12,10,malamute,0.501159,True,confidence
813217897535406080,03:00:30,2016-12-26,13,10,Samoyed,0.905972,True,very confidence
813202720496779264,02:00:11,2016-12-26,11,10,cocker_spaniel,0.701852,True,confidence
813187593374461952,01:00:05,2016-12-26,13,10,golden_retriever,0.888181,True,very confidence
813142292504645637,22:00:04,2016-12-25,13,10,beagle,0.848735,True,very confidence
813081950185472002,18:00:17,2016-12-25,11,10,Doberman,0.909951,True,very confidence
813066809284972545,17:00:08,2016-12-25,12,10,toy_terrier,0.7764,True,confidence
813051746834595840,16:00:16,2016-12-25,13,10,golden_retriever,0.914804,True,very confidence
812781120811126785,22:04:54,2016-12-24,10,10,bull_mastiff,0.989316,True,very confidence
812372279581671427,19:00:19,2016-12-23,13,10,golden_retriever,0.7848729999999999,True,confidence
811985624773361665,17:23:53,2016-12-22,11,10,Staffordshire_bullterrier,0.6105729999999999,True,confidence
811386762094317568,01:44:13,2016-12-21,11,10,Pembroke,0.804177,True,confidence
810896069567610880,17:14:23,2016-12-19,11,10,flat-coated_retriever,0.8208040000000001,True,confidence
810657578271330305,01:26:42,2016-12-19,11,10,malamute,0.753521,True,confidence
810284430598270976,00:43:57,2016-12-18,13,10,malamute,0.620768,True,confidence
809808892968534016,17:14:20,2016-12-16,12,10,Labrador_retriever,0.8616510000000001,True,very confidence
809220051211603969,02:14:29,2016-12-15,12,10,Pomeranian,0.8195110000000001,True,confidence
809084759137812480,17:16:53,2016-12-14,11,10,vizsla,0.911412,True,very confidence
808134635716833280,02:21:26,2016-12-12,13,10,cocker_spaniel,0.74022,True,confidence
808001312164028416,17:31:39,2016-12-11,12,10,Labrador_retriever,0.730959,True,confidence
807621403335917568,16:22:02,2016-12-10,14,10,golden_retriever,0.873233,True,very confidence
807106840509214720,06:17:20,2016-12-09,13,10,Chihuahua,0.50537,True,confidence
807010152071229440,23:53:08,2016-12-08,12,10,golden_retriever,0.610807,True,confidence
806542213899489280,16:53:43,2016-12-07,11,10,vizsla,0.938617,True,very confidence
806242860592926720,21:04:11,2016-12-06,12,10,Cardigan,0.593858,True,confidence
806219024703037440,19:29:28,2016-12-06,11,10,chow,0.835102,True,confidence
805958939288408065,02:15:59,2016-12-06,10,10,Irish_setter,0.574557,True,confidence
805932879469572096,00:32:26,2016-12-06,12,10,Norwegian_elkhound,0.657967,True,confidence
805520635690676224,21:14:20,2016-12-04,13,10,malinois,0.643147,True,confidence
804738756058218496,17:27:25,2016-12-02,12,10,Tibetan_mastiff,0.91579,True,very confidence
803773340896923648,01:31:12,2016-11-30,12,10,miniature_pinscher,0.817066,True,confidence
803692223237865472,20:08:52,2016-11-29,13,10,Lakeland_terrier,0.530104,True,confidence
802952499103731712,19:09:28,2016-11-27,12,10,chow,0.944032,True,very confidence
802572683846291456,18:00:13,2016-11-26,12,10,golden_retriever,0.610171,True,confidence
802265048156610565,21:37:47,2016-11-25,11,10,Labrador_retriever,0.8971620000000001,True,very confidence
802247111496568832,20:26:31,2016-11-25,13,10,Chihuahua,0.721188,True,confidence
801538201127157760,21:29:33,2016-11-23,12,10,Pembroke,0.550506,True,confidence
801167903437357056,20:58:07,2016-11-22,13,10,cocker_spaniel,0.74022,True,confidence
801115127852503040,17:28:25,2016-11-22,12,10,dalmatian,0.823356,True,confidence
800751577355128832,17:23:47,2016-11-21,12,10,cocker_spaniel,0.771984,True,confidence
800513324630806528,01:37:04,2016-11-21,11,10,Pembroke,0.8289040000000001,True,confidence
800141422401830912,00:59:15,2016-11-20,13,10,golden_retriever,0.938048,True,very confidence
799422933579902976,01:24:14,2016-11-18,12,10,miniature_pinscher,0.58363,True,confidence
799297110730567681,17:04:16,2016-11-17,11,10,malamute,0.985028,True,very confidence
798933969379225600,17:01:16,2016-11-16,12,10,Siberian_husky,0.703224,True,confidence
798925684722855936,16:28:21,2016-11-16,11,10,West_Highland_white_terrier,0.539463,True,confidence
798697898615730177,01:23:12,2016-11-16,10,10,Labrador_retriever,0.8686709999999999,True,very confidence
798694562394996736,01:09:57,2016-11-16,12,10,Chihuahua,0.615163,True,confidence
798628517273620480,20:47:30,2016-11-15,12,10,beagle,0.636169,True,confidence
798340744599797760,01:44:00,2016-11-15,11,10,papillon,0.53318,True,confidence
798209839306514432,17:03:50,2016-11-14,13,10,Pekinese,0.524583,True,confidence
797545162159308800,21:02:38,2016-11-12,12,10,Pembroke,0.954089,True,very confidence
797236660651966464,00:36:46,2016-11-12,12,10,collie,0.767005,True,confidence
796865951799083009,00:03:42,2016-11-11,12,10,Cardigan,0.8391290000000001,True,confidence
796177847564038144,02:29:25,2016-11-09,11,10,golden_retriever,0.600276,True,confidence
796149749086875649,00:37:46,2016-11-09,11,10,golden_retriever,0.600276,True,confidence
796116448414461957,22:25:27,2016-11-08,11,10,Cardigan,0.700182,True,confidence
796080075804475393,20:00:55,2016-11-08,12,10,chow,0.973846,True,very confidence
796031486298386433,16:47:50,2016-11-08,13,10,golden_retriever,0.893775,True,very confidence
795400264262053889,22:59:35,2016-11-06,12,10,golden_retriever,0.925494,True,very confidence
794355576146903043,01:48:22,2016-11-04,12,10,cocker_spaniel,0.500509,True,confidence
794332329137291264,00:15:59,2016-11-04,12,10,Samoyed,0.988307,True,very confidence
793962221541933056,23:45:19,2016-11-02,12,10,Labrador_retriever,0.8616510000000001,True,very confidence
793845145112371200,16:00:06,2016-11-02,13,10,Old_English_sheepdog,0.7652770000000001,True,confidence
793614319594401792,00:42:53,2016-11-02,13,10,golden_retriever,0.705092,True,confidence
793601777308463104,23:53:02,2016-11-01,12,10,miniature_pinscher,0.538981,True,confidence
793241302385262592,00:00:38,2016-11-01,13,10,golden_retriever,0.559308,True,confidence
793195938047070209,21:00:23,2016-10-31,12,10,Labrador_retriever,0.654762,True,confidence
793165685325201412,19:00:10,2016-10-31,12,10,golden_retriever,0.946224,True,very confidence
793120401413079041,16:00:13,2016-10-31,11,10,Labrador_retriever,0.7249439999999999,True,confidence
792773781206999040,17:02:53,2016-10-30,12,10,Yorkshire_terrier,0.912804,True,very confidence
792394556390137856,15:55:58,2016-10-29,12,10,cocker_spaniel,0.746387,True,confidence
792050063153438720,17:07:05,2016-10-28,11,10,komondor,0.942856,True,very confidence
791672322847637504,16:06:04,2016-10-27,13,10,golden_retriever,0.705092,True,confidence
791406955684368384,22:31:36,2016-10-26,12,10,Pembroke,0.972629,True,very confidence
791312159183634433,16:14:55,2016-10-26,12,10,miniature_pinscher,0.892925,True,very confidence
790698755171364864,23:37:28,2016-10-24,12,10,Bernese_mountain_dog,0.996541,True,very confidence
790337589677002753,23:42:19,2016-10-23,12,10,Pembroke,0.658808,True,confidence
789599242079838210,22:48:24,2016-10-21,12,10,Chesapeake_Bay_retriever,0.8788219999999999,True,very confidence
789268448748703744,00:53:56,2016-10-21,10,10,malamute,0.81286,True,confidence
789137962068021249,16:15:26,2016-10-20,12,10,Chihuahua,0.746135,True,confidence
788765914992902144,15:37:03,2016-10-19,12,10,cocker_spaniel,0.500509,True,confidence
788412144018661376,16:11:17,2016-10-18,11,10,golden_retriever,0.805238,True,confidence
788178268662984705,00:41:57,2016-10-18,13,10,Samoyed,0.73548,True,confidence
788150585577050112,22:51:57,2016-10-17,13,10,chow,0.814145,True,confidence
788070120937619456,17:32:13,2016-10-17,11,10,golden_retriever,0.735163,True,confidence
787717603741622272,18:11:26,2016-10-16,13,10,German_shepherd,0.992339,True,very confidence
787397959788929025,21:01:17,2016-10-15,11,10,Chihuahua,0.900483,True,very confidence
786963064373534720,16:13:10,2016-10-14,12,10,golden_retriever,0.915303,True,very confidence
786664955043049472,20:28:35,2016-10-13,12,10,Leonberg,0.512034,True,confidence
786595970293370880,15:54:28,2016-10-13,11,10,Pembroke,0.709512,True,confidence
786363235746385920,00:29:39,2016-10-13,13,10,golden_retriever,0.929266,True,very confidence
786036967502913536,02:53:11,2016-10-12,11,10,golden_retriever,0.99383,True,very confidence
784517518371221505,22:15:26,2016-10-07,11,10,malamute,0.757764,True,confidence
784431430411685888,16:33:21,2016-10-07,12,10,miniature_poodle,0.744819,True,confidence
783466772167098368,00:40:09,2016-10-05,11,10,Chihuahua,0.789,True,confidence
783391753726550016,19:42:03,2016-10-04,13,10,Norwegian_elkhound,0.87713,True,very confidence
783347506784731136,16:46:14,2016-10-04,11,10,Cardigan,0.611525,True,confidence
783334639985389568,15:55:06,2016-10-04,12,10,Cardigan,0.593858,True,confidence
782747134529531904,01:00:34,2016-10-03,11,10,golden_retriever,0.560699,True,confidence
782722598790725632,23:23:04,2016-10-02,10,10,Irish_setter,0.574557,True,confidence
782598640137187329,15:10:30,2016-10-02,11,10,malamute,0.8408709999999999,True,very confidence
782305867769217024,19:47:08,2016-10-01,12,10,briard,0.5044270000000001,True,confidence
781251288990355457,21:56:36,2016-09-28,11,10,Mexican_hairless,0.8877709999999999,True,very confidence
781163403222056960,16:07:23,2016-09-28,10,10,Shetland_sheepdog,0.973841,True,very confidence
780800785462489090,16:06:28,2016-09-27,11,10,Siberian_husky,0.951963,True,very confidence
780601303617732608,02:53:48,2016-09-27,12,10,Saint_Bernard,0.995143,True,very confidence
780543529827336192,23:04:13,2016-09-26,12,10,golden_retriever,0.628312,True,confidence
780496263422808064,19:56:24,2016-09-26,12,10,pug,0.99731,True,very confidence
780476555013349377,18:38:05,2016-09-26,12,10,pug,0.919255,True,very confidence
779834332596887552,00:06:08,2016-09-25,11,10,golden_retriever,0.99383,True,very confidence
779056095788752897,20:33:42,2016-09-22,13,10,Chihuahua,0.721188,True,confidence
778990705243029504,16:13:51,2016-09-22,11,10,cocker_spaniel,0.7153510000000001,True,confidence
778650543019483137,17:42:10,2016-09-21,10,10,German_shepherd,0.515699,True,confidence
778624900596654080,16:00:17,2016-09-21,11,10,Airedale,0.786089,True,confidence
778408200802557953,01:39:11,2016-09-21,14,10,Pembroke,0.8483620000000001,True,very confidence
778039087836069888,01:12:28,2016-09-20,12,10,German_shepherd,0.717776,True,confidence
777641927919427584,22:54:18,2016-09-18,12,10,golden_retriever,0.964929,True,very confidence
777621514455814149,21:33:11,2016-09-18,12,10,chow,0.999823,True,very confidence
777189768882946048,16:57:35,2016-09-17,12,10,Chihuahua,0.988412,True,very confidence
776813020089548800,16:00:31,2016-09-16,12,10,toy_poodle,0.51661,True,confidence
776477788987613185,17:48:25,2016-09-15,11,10,Labrador_retriever,0.8848389999999999,True,very confidence
776218204058357768,00:36:55,2016-09-15,13,10,Samoyed,0.940326,True,very confidence
776201521193218049,23:30:38,2016-09-14,10,10,Rottweiler,0.502228,True,confidence
775898661951791106,03:27:11,2016-09-14,12,10,golden_retriever,0.945523,True,very confidence
775842724423557120,23:44:54,2016-09-13,12,10,chow,0.520022,True,confidence
775364825476165632,16:05:54,2016-09-12,11,10,beagle,0.571229,True,confidence
774757898236878852,23:54:11,2016-09-10,12,10,toy_poodle,0.7199409999999999,True,confidence
774639387460112384,16:03:16,2016-09-10,10,10,Walker_hound,0.6275930000000001,True,confidence
774314403806253056,18:31:54,2016-09-09,14,10,Eskimo_dog,0.5960449999999999,True,confidence
773922284943896577,16:33:46,2016-09-08,12,10,Pomeranian,0.554331,True,confidence
773670353721753600,23:52:41,2016-09-07,10,10,Old_English_sheepdog,0.969311,True,very confidence
772826264096874500,15:58:34,2016-09-05,11,10,basset,0.915351,True,very confidence
772615324260794368,02:00:22,2016-09-05,10,10,dalmatian,0.556595,True,confidence
772581559778025472,23:46:12,2016-09-04,10,10,Newfoundland,0.574345,True,confidence
772114945936949249,16:52:02,2016-09-03,10,10,Chihuahua,0.803293,True,confidence
772102971039580160,16:04:27,2016-09-03,11,10,Pembroke,0.54178,True,confidence
771770456517009408,18:03:10,2016-09-02,11,10,papillon,0.53318,True,confidence
771500966810099713,00:12:18,2016-09-02,12,10,Labrador_retriever,0.833952,True,confidence
771380798096281600,16:14:48,2016-09-01,11,10,collie,0.503728,True,confidence
771171053431250945,02:21:21,2016-09-01,11,10,Samoyed,0.978833,True,very confidence
771102124360998913,21:47:27,2016-08-31,12,10,Labrador_retriever,0.568789,True,confidence
770787852854652928,00:58:39,2016-08-31,10,10,Bernese_mountain_dog,0.787812,True,confidence
770772759874076672,23:58:40,2016-08-30,11,10,chow,0.979515,True,very confidence
770293558247038976,16:14:30,2016-08-29,10,10,Italian_greyhound,0.931668,True,very confidence
770093767776997377,03:00:36,2016-08-29,12,10,golden_retriever,0.843799,True,very confidence
769940425801170949,16:51:16,2016-08-28,12,10,miniature_pinscher,0.796313,True,confidence
768855141948723200,16:58:45,2016-08-25,11,10,chow,0.7202189999999999,True,confidence
768596291618299904,23:50:10,2016-08-24,12,10,Great_Pyrenees,0.729745,True,confidence
768473857036525572,15:43:39,2016-08-24,11,10,Labrador_retriever,0.73917,True,confidence
767122157629476866,22:12:29,2016-08-20,13,10,toy_poodle,0.873841,True,very confidence
766693177336135680,17:47:52,2016-08-19,11,10,Doberman,0.948355,True,very confidence
766423258543644672,23:55:18,2016-08-18,9,10,keeshond,0.995823,True,very confidence
766313316352462849,16:38:26,2016-08-18,12,10,toy_poodle,0.966896,True,very confidence
766008592277377025,20:27:34,2016-08-17,11,10,Welsh_springer_spaniel,0.7281529999999999,True,confidence
765719909049503744,01:20:27,2016-08-17,12,10,golden_retriever,0.969518,True,very confidence
765669560888528897,22:00:23,2016-08-16,12,10,beagle,0.993333,True,very confidence
765395769549590528,03:52:26,2016-08-16,13,10,Pembroke,0.509491,True,confidence
765371061932261376,02:14:15,2016-08-16,11,10,golden_retriever,0.829456,True,confidence
765222098633691136,16:22:20,2016-08-15,10,10,dalmatian,0.556595,True,confidence
764857477905154048,16:13:27,2016-08-14,12,10,Bernese_mountain_dog,0.7920590000000001,True,confidence
764259802650378240,00:38:30,2016-08-13,10,10,German_shepherd,0.973677,True,very confidence
762699858130116608,17:19:51,2016-08-08,11,10,kelpie,0.519047,True,confidence
762471784394268675,02:13:34,2016-08-08,12,10,Samoyed,0.540276,True,confidence
762464539388485633,01:44:46,2016-08-08,12,10,chow,0.999953,True,very confidence
761750502866649088,02:27:27,2016-08-06,10,10,golden_retriever,0.586937,True,confidence
761334018830917632,22:52:29,2016-08-04,10,10,Norwegian_elkhound,0.8229360000000001,True,confidence
761292947749015552,20:09:17,2016-08-04,11,10,standard_poodle,0.6608930000000001,True,confidence
761004547850530816,01:03:17,2016-08-04,11,10,golden_retriever,0.735163,True,confidence
760656994973933572,02:02:14,2016-08-03,11,10,golden_retriever,0.760546,True,confidence
760539183865880579,18:14:06,2016-08-02,12,10,Samoyed,0.988013,True,very confidence
759793422261743616,16:50:42,2016-07-31,12,10,golden_retriever,0.985876,True,very confidence
759566828574212096,01:50:18,2016-07-31,10,10,Labrador_retriever,0.967397,True,very confidence
759557299618865152,01:12:26,2016-07-31,10,10,golden_retriever,0.763333,True,confidence
759197388317847553,01:22:17,2016-07-30,12,10,kuvasz,0.5113409999999999,True,confidence
759047813560868866,15:27:55,2016-07-29,11,10,Labrador_retriever,0.778546,True,confidence
758740312047005698,19:06:01,2016-07-28,12,10,Chesapeake_Bay_retriever,0.848514,True,very confidence
758474966123810816,01:31:38,2016-07-28,11,10,Pembroke,0.546145,True,confidence
758405701903519748,20:56:24,2016-07-27,10,10,Chesapeake_Bay_retriever,0.702954,True,confidence
758355060040593408,17:35:10,2016-07-27,11,10,Pembroke,0.987643,True,very confidence
757611664640446465,16:21:11,2016-07-25,12,10,bluetick,0.829259,True,confidence
757393109802180609,01:52:43,2016-07-25,10,10,Labrador_retriever,0.787125,True,confidence
757354760399941633,23:20:20,2016-07-24,8,10,Italian_greyhound,0.914667,True,very confidence
756998049151549440,23:42:53,2016-07-23,11,10,golden_retriever,0.678555,True,confidence
756939218950160384,19:49:07,2016-07-23,12,10,golden_retriever,0.790371,True,confidence
756303284449767430,01:42:09,2016-07-22,11,10,golden_retriever,0.981652,True,very confidence
756275833623502848,23:53:04,2016-07-21,10,10,Airedale,0.602957,True,confidence
755955933503782912,02:41:54,2016-07-21,12,10,Pekinese,0.596882,True,confidence
755110668769038337,18:43:07,2016-07-18,13,10,Labrador_retriever,0.708974,True,confidence
754856583969079297,01:53:28,2016-07-18,11,10,golden_retriever,0.8723850000000001,True,very confidence
754449512966619136,22:55:55,2016-07-16,11,10,beagle,0.858513,True,very confidence
754011816964026368,17:56:40,2016-07-15,12,10,French_bulldog,0.600985,True,confidence
753026973505581056,00:43:15,2016-07-13,10,10,Pembroke,0.868511,True,very confidence
752917284578922496,17:27:23,2016-07-12,11,10,German_shepherd,0.609283,True,confidence
752173152931807232,16:10:29,2016-07-10,12,10,Labrador_retriever,0.527659,True,confidence
751830394383790080,17:28:29,2016-07-09,12,10,chow,0.703569,True,confidence
751598357617971201,02:06:27,2016-07-09,13,10,toy_poodle,0.757756,True,confidence
751583847268179968,01:08:47,2016-07-09,5,10,dalmatian,0.8683040000000001,True,very confidence
751538714308972544,22:09:27,2016-07-08,10,10,Labrador_retriever,0.516257,True,confidence
751456908746354688,16:44:23,2016-07-08,12,10,golden_retriever,0.714409,True,confidence
751205363882532864,00:04:50,2016-07-08,12,10,Labrador_retriever,0.947164,True,very confidence
751132876104687617,19:16:47,2016-07-07,10,10,Labrador_retriever,0.92939,True,very confidence
750868782890057730,01:47:22,2016-07-07,11,10,toy_poodle,0.912648,True,very confidence
750719632563142656,15:54:42,2016-07-06,12,10,Pembroke,0.972587,True,very confidence
750429297815552001,20:41:01,2016-07-05,12,10,golden_retriever,0.964929,True,very confidence
750383411068534784,17:38:41,2016-07-05,9,10,Border_collie,0.672791,True,confidence
750147208377409536,02:00:06,2016-07-05,13,10,pug,0.977765,True,very confidence
750117059602808832,00:00:18,2016-07-05,10,10,Shih-Tzu,0.814405,True,confidence
750086836815486976,22:00:12,2016-07-04,12,10,pug,0.978277,True,very confidence
749996283729883136,16:00:22,2016-07-04,12,10,Old_English_sheepdog,0.515319,True,confidence
749774190421639168,01:17:51,2016-07-04,12,10,Pekinese,0.8790120000000001,True,very confidence
749417653287129088,01:41:06,2016-07-03,11,10,papillon,0.772894,True,confidence
749403093750648834,00:43:15,2016-07-03,10,10,Chesapeake_Bay_retriever,0.694541,True,confidence
749395845976588288,00:14:27,2016-07-03,10,10,Pomeranian,0.973715,True,very confidence
749064354620928000,02:17:13,2016-07-02,11,10,pug,0.985222,True,very confidence
748977405889503236,20:31:43,2016-07-01,10,10,German_short-haired_pointer,0.742216,True,confidence
748932637671223296,17:33:49,2016-07-01,13,10,borzoi,0.742912,True,confidence
748699167502000129,02:06:06,2016-07-01,11,10,Pembroke,0.849029,True,very confidence
748346686624440324,02:45:28,2016-06-30,10,10,borzoi,0.5964550000000001,True,confidence
748324050481647620,01:15:31,2016-06-30,11,10,Shetland_sheepdog,0.880499,True,very confidence
747933425676525569,23:23:19,2016-06-28,11,10,Samoyed,0.998201,True,very confidence
747816857231626240,15:40:07,2016-06-28,4,10,Pembroke,0.7689229999999999,True,confidence
747600769478692864,01:21:27,2016-06-28,10,10,Chesapeake_Bay_retriever,0.804363,True,confidence
747219827526344708,00:07:44,2016-06-27,11,10,Shetland_sheepdog,0.548018,True,confidence
747103485104099331,16:25:26,2016-06-26,11,10,Labrador_retriever,0.991954,True,very confidence
746872823977771008,01:08:52,2016-06-26,11,10,Pembroke,0.540201,True,confidence
746790600704425984,19:42:08,2016-06-25,10,10,Boston_bull,0.936183,True,very confidence
746507379341139972,00:56:43,2016-06-25,10,10,toy_poodle,0.508292,True,confidence
746369468511756288,15:48:42,2016-06-24,9,10,German_shepherd,0.622957,True,confidence
746131877086527488,00:04:36,2016-06-24,10,10,chow,0.575637,True,confidence
745789745784041472,01:25:06,2016-06-23,10,10,Pekinese,0.984267,True,very confidence
745422732645535745,01:06:43,2016-06-22,9,10,Labrador_retriever,0.6638,True,confidence
745057283344719872,00:54:33,2016-06-21,12,10,Shetland_sheepdog,0.963985,True,very confidence
744334592493166593,01:02:50,2016-06-19,11,10,Samoyed,0.960543,True,very confidence
744234799360020481,18:26:18,2016-06-18,13,10,Labrador_retriever,0.825333,True,confidence
743980027717509120,01:33:55,2016-06-18,11,10,bull_mastiff,0.97573,True,very confidence
743895849529389061,19:59:26,2016-06-17,10,10,dalmatian,0.562315,True,confidence
743609206067040256,01:00:24,2016-06-17,10,10,Weimaraner,0.982794,True,very confidence
743210557239623680,22:36:19,2016-06-15,10,10,golden_retriever,0.930705,True,very confidence
742423170473463808,18:27:32,2016-06-13,12,10,pug,0.99731,True,very confidence
742385895052087300,15:59:24,2016-06-13,11,10,Cardigan,0.5669109999999999,True,confidence
741743634094141440,21:27:17,2016-06-11,11,10,Labrador_retriever,0.786089,True,confidence
741303864243200000,16:19:48,2016-06-10,12,10,Chihuahua,0.7681560000000001,True,confidence
741067306818797568,00:39:48,2016-06-10,12,10,golden_retriever,0.843799,True,very confidence
740359016048689152,01:45:19,2016-06-08,9,10,golden_retriever,0.8636870000000001,True,very confidence
740214038584557568,16:09:13,2016-06-07,10,10,Chesapeake_Bay_retriever,0.586414,True,confidence
739606147276148736,23:53:41,2016-06-05,9,10,Blenheim_spaniel,0.933755,True,very confidence
739544079319588864,19:47:03,2016-06-05,10,10,Labrador_retriever,0.967397,True,very confidence
739485634323156992,15:54:48,2016-06-05,6,10,Walker_hound,0.640256,True,confidence
739238157791694849,23:31:25,2016-06-04,13,10,Eskimo_dog,0.503372,True,confidence
738883359779196928,00:01:35,2016-06-04,10,10,Labrador_retriever,0.691137,True,confidence
738537504001953792,01:07:16,2016-06-03,11,10,chow,0.808737,True,confidence
738166403467907072,00:32:39,2016-06-02,12,10,keeshond,0.8788860000000001,True,very confidence
738156290900254721,23:52:28,2016-06-01,10,10,pug,0.751758,True,confidence
737826014890496000,02:00:04,2016-06-01,10,10,vizsla,0.990391,True,very confidence
737678689543020544,16:14:39,2016-05-31,11,10,Pembroke,0.935307,True,very confidence
736736130620620800,01:49:16,2016-05-29,13,10,schipperke,0.545502,True,confidence
736010884653420544,01:47:23,2016-05-27,10,10,golden_retriever,0.553901,True,confidence
735991953473572864,00:32:10,2016-05-27,11,10,cocker_spaniel,0.961643,True,very confidence
735635087207878657,00:54:06,2016-05-26,11,10,pug,0.8918709999999999,True,very confidence
735256018284875776,23:47:49,2016-05-24,8,10,Staffordshire_bullterrier,0.523191,True,confidence
734912297295085568,01:02:00,2016-05-24,10,10,Maltese_dog,0.847292,True,very confidence
734787690684657664,16:46:51,2016-05-23,13,10,golden_retriever,0.883991,True,very confidence
733482008106668032,02:18:32,2016-05-20,10,10,French_bulldog,0.619382,True,confidence
733460102733135873,00:51:30,2016-05-20,11,10,chow,0.931275,True,very confidence
733109485275860992,01:38:16,2016-05-19,12,10,golden_retriever,0.945523,True,very confidence
732726085725589504,00:14:46,2016-05-18,11,10,Pomeranian,0.961902,True,very confidence
732585889486888962,14:57:41,2016-05-17,10,10,Staffordshire_bullterrier,0.843359,True,very confidence
732005617171337216,00:31:53,2016-05-16,11,10,English_setter,0.677408,True,confidence
731285275100512256,00:49:30,2016-05-14,12,10,Pembroke,0.967103,True,very confidence
730573383004487680,01:40:42,2016-05-12,10,10,American_Staffordshire_terrier,0.810158,True,confidence
730427201120833536,15:59:50,2016-05-11,11,10,Eskimo_dog,0.682082,True,confidence
729463711119904772,00:11:16,2016-05-09,13,10,German_shepherd,0.829307,True,confidence
728986383096946689,16:34:32,2016-05-07,11,10,Maltese_dog,0.95207,True,very confidence
728760639972315136,01:37:30,2016-05-07,13,10,Pembroke,0.939134,True,very confidence
727524757080539137,15:46:33,2016-05-03,10,10,Pomeranian,0.958834,True,very confidence
727314416056803329,01:50:44,2016-05-03,11,10,toy_poodle,0.827469,True,confidence
727175381690781696,16:38:15,2016-05-02,10,10,flat-coated_retriever,0.656463,True,confidence
726887082820554753,21:32:40,2016-05-01,10,10,soft-coated_wheaten_terrier,0.5159189999999999,True,confidence
725729321944506368,16:52:08,2016-04-28,12,10,boxer,0.599076,True,confidence
724983749226668032,15:29:30,2016-04-26,12,10,golden_retriever,0.67575,True,confidence
724771698126512129,01:26:53,2016-04-26,11,10,German_short-haired_pointer,0.835491,True,confidence
724049859469295616,01:38:33,2016-04-24,10,10,Border_collie,0.581835,True,confidence
724046343203856385,01:24:35,2016-04-24,10,10,boxer,0.8262719999999999,True,confidence
723912936180330496,16:34:28,2016-04-23,12,10,Samoyed,0.991772,True,very confidence
723673163800948736,00:41:42,2016-04-23,10,10,golden_retriever,0.83939,True,confidence
722613351520608256,02:30:23,2016-04-20,12,10,Labrador_retriever,0.5309149999999999,True,confidence
721503162398597120,00:58:53,2016-04-17,11,10,Pomeranian,0.99775,True,very confidence
721001180231503872,15:44:11,2016-04-15,11,10,Samoyed,0.950053,True,very confidence
720785406564900865,01:26:47,2016-04-15,12,10,Chihuahua,0.8964219999999999,True,very confidence
720415127506415616,00:55:25,2016-04-14,10,10,Rottweiler,0.990312,True,very confidence
720389942216527872,23:15:21,2016-04-13,11,10,Pembroke,0.873977,True,very confidence
720043174954147842,00:17:25,2016-04-13,11,10,Samoyed,0.954517,True,very confidence
719991154352222208,20:50:42,2016-04-12,10,10,golden_retriever,0.605304,True,confidence
719551379208073216,15:43:12,2016-04-11,10,10,malamute,0.873233,True,very confidence
719339463458033665,01:41:07,2016-04-11,10,10,golden_retriever,0.765778,True,confidence
718939241951195136,23:10:47,2016-04-09,12,10,Pembroke,0.7663270000000001,True,confidence
718631497683582976,02:47:55,2016-04-09,10,10,Pomeranian,0.993718,True,very confidence
718613305783398402,01:35:37,2016-04-09,11,10,Labrador_retriever,0.58458,True,confidence
718540630683709445,20:46:50,2016-04-08,10,10,Maltese_dog,0.632289,True,confidence
717841801130979328,22:29:56,2016-04-06,11,10,Brittany_spaniel,0.922876,True,very confidence
717537687239008257,02:21:30,2016-04-06,11,10,golden_retriever,0.779356,True,confidence
717047459982213120,17:53:31,2016-04-04,12,10,golden_retriever,0.983548,True,very confidence
717009362452090881,15:22:08,2016-04-04,10,10,Siberian_husky,0.506154,True,confidence
716802964044845056,01:41:58,2016-04-04,10,10,malinois,0.619577,True,confidence
716080869887381504,01:52:38,2016-04-02,11,10,golden_retriever,0.638625,True,confidence
715928423106027520,15:46:52,2016-04-01,11,10,pug,0.976685,True,very confidence
715733265223708672,02:51:22,2016-04-01,10,10,Dandie_Dinmont,0.740229,True,confidence
715680795826982913,23:22:53,2016-03-31,12,10,golden_retriever,0.990715,True,very confidence
715342466308784130,00:58:29,2016-03-31,10,10,West_Highland_white_terrier,0.597111,True,confidence
715220193576927233,16:52:36,2016-03-30,10,10,Chihuahua,0.584026,True,confidence
715200624753819648,15:34:51,2016-03-30,12,10,Chihuahua,0.956787,True,very confidence
714982300363173890,01:07:18,2016-03-30,9,10,Brittany_spaniel,0.944376,True,very confidence
714251586676113411,00:43:43,2016-03-28,8,10,soft-coated_wheaten_terrier,0.751962,True,confidence
714214115368108032,22:14:49,2016-03-27,13,10,pug,0.533967,True,confidence
714141408463036416,17:25:54,2016-03-27,10,10,Labrador_retriever,0.586951,True,confidence
713761197720473600,16:15:05,2016-03-26,12,10,Brittany_spaniel,0.797936,True,confidence
713411074226274305,17:03:49,2016-03-25,11,10,Great_Pyrenees,0.720337,True,confidence
713177543487135744,01:35:51,2016-03-25,10,10,whippet,0.734244,True,confidence
712809025985978368,01:11:29,2016-03-24,10,10,Labrador_retriever,0.8686709999999999,True,very confidence
712717840512598017,19:09:09,2016-03-23,10,10,Great_Pyrenees,0.732043,True,confidence
712668654853337088,15:53:42,2016-03-23,10,10,Labrador_retriever,0.829058,True,confidence
712097430750289920,02:03:52,2016-03-22,10,10,Labrador_retriever,0.720481,True,confidence
712085617388212225,01:16:55,2016-03-22,11,10,Shih-Tzu,0.625129,True,confidence
711363825979756544,01:28:47,2016-03-20,11,10,Pembroke,0.7509060000000001,True,confidence
711008018775851008,01:54:56,2016-03-19,11,10,French_bulldog,0.731405,True,confidence
710833117892898816,14:19:56,2016-03-18,12,10,Pembroke,0.803742,True,confidence
710588934686908417,22:09:38,2016-03-17,12,10,Pembroke,0.982004,True,very confidence
710283270106132480,01:55:02,2016-03-17,11,10,Shih-Tzu,0.932401,True,very confidence
710272297844797440,01:11:26,2016-03-17,11,10,Old_English_sheepdog,0.586307,True,confidence
710140971284037632,16:29:35,2016-03-16,8,10,Pekinese,0.95317,True,very confidence
710117014656950272,14:54:24,2016-03-16,11,10,toy_poodle,0.802092,True,confidence
709918798883774466,01:46:45,2016-03-16,12,10,Pembroke,0.956222,True,very confidence
709852847387627521,21:24:41,2016-03-15,12,10,Chihuahua,0.945629,True,very confidence
709566166965075968,02:25:31,2016-03-15,12,10,chow,0.999837,True,very confidence
709556954897764353,01:48:55,2016-03-15,12,10,golden_retriever,0.790026,True,confidence
709449600415961088,18:42:20,2016-03-14,10,10,Maltese_dog,0.780187,True,confidence
709409458133323776,16:02:49,2016-03-14,8,10,Shetland_sheepdog,0.79745,True,confidence
709207347839836162,02:39:42,2016-03-14,11,10,Chihuahua,0.948323,True,very confidence
708845821941387268,02:43:08,2016-03-13,9,10,schipperke,0.74564,True,confidence
708810915978854401,00:24:26,2016-03-13,10,10,golden_retriever,0.976139,True,very confidence
708738143638450176,19:35:15,2016-03-12,11,10,Pomeranian,0.933457,True,very confidence
708469915515297792,01:49:25,2016-03-12,11,10,Chihuahua,0.748163,True,confidence
708356463048204288,18:18:36,2016-03-11,10,10,pug,0.871283,True,very confidence
708130923141795840,03:22:23,2016-03-11,11,10,French_bulldog,0.710354,True,confidence
708109389455101952,01:56:49,2016-03-11,10,10,Staffordshire_bullterrier,0.5161060000000001,True,confidence
708026248782585858,20:26:26,2016-03-10,13,10,malinois,0.7864680000000001,True,confidence
707969809498152960,16:42:10,2016-03-10,11,10,toy_poodle,0.908491,True,very confidence
707776935007539200,03:55:45,2016-03-10,11,10,miniature_pinscher,0.890426,True,very confidence
707741517457260545,01:35:01,2016-03-10,10,10,whippet,0.738371,True,confidence
707411934438625280,03:45:22,2016-03-09,11,10,Lakeland_terrier,0.7382770000000001,True,confidence
707387676719185920,02:08:59,2016-03-09,10,10,Chihuahua,0.888468,True,very confidence
707377100785885184,01:26:57,2016-03-09,9,10,golden_retriever,0.637225,True,confidence
707315916783140866,21:23:50,2016-03-08,10,10,Bernese_mountain_dog,0.979235,True,very confidence
707059547140169728,04:25:07,2016-03-08,11,10,Samoyed,0.8973120000000001,True,very confidence
707038192327901184,03:00:15,2016-03-08,10,10,pug,0.642426,True,confidence
707021089608753152,01:52:18,2016-03-08,12,10,cocker_spaniel,0.559658,True,confidence
707014260413456384,01:25:10,2016-03-08,11,10,Chihuahua,0.58378,True,confidence
706681918348251136,03:24:33,2016-03-07,12,10,toy_poodle,0.717584,True,confidence
706538006853918722,17:52:42,2016-03-06,11,10,chow,0.541794,True,confidence
706516534877929472,16:27:23,2016-03-06,12,10,golden_retriever,0.7726850000000001,True,confidence
706346369204748288,05:11:12,2016-03-06,12,10,Tibetan_mastiff,0.956462,True,very confidence
706310011488698368,02:46:44,2016-03-06,12,10,Pembroke,0.6981649999999999,True,confidence
706291001778950144,01:31:11,2016-03-06,11,10,Border_terrier,0.587101,True,confidence
706265994973601792,23:51:49,2016-03-05,11,10,papillon,0.743715,True,confidence
705975130514706432,04:36:02,2016-03-05,10,10,Staffordshire_bullterrier,0.5877640000000001,True,confidence
705970349788291072,04:17:02,2016-03-05,12,10,golden_retriever,0.776346,True,confidence
705898680587526145,23:32:15,2016-03-04,10,10,collie,0.808276,True,confidence
705591895322394625,03:13:11,2016-03-04,11,10,basenji,0.877207,True,very confidence
705475953783398401,19:32:29,2016-03-03,12,10,golden_retriever,0.908784,True,very confidence
705428427625635840,16:23:38,2016-03-03,11,10,Chihuahua,0.774792,True,confidence
705066031337840642,16:23:36,2016-03-02,12,10,Airedale,0.868658,True,very confidence
704871453724954624,03:30:25,2016-03-02,12,10,Norfolk_terrier,0.689504,True,confidence
704847917308362754,01:56:53,2016-03-02,12,10,golden_retriever,0.85724,True,very confidence
704480331685040129,01:36:14,2016-03-01,11,10,Samoyed,0.979206,True,very confidence
704364645503647744,17:56:32,2016-02-29,12,10,Pembroke,0.980695,True,very confidence
703774238772166656,02:50:28,2016-02-28,10,10,Labrador_retriever,0.990119,True,very confidence
703769065844768768,02:29:55,2016-02-28,10,10,boxer,0.838994,True,confidence
703611486317502464,16:03:45,2016-02-27,10,10,Pembroke,0.756441,True,confidence
703382836347330562,00:55:11,2016-02-27,12,10,golden_retriever,0.945664,True,very confidence
703356393781329922,23:10:06,2016-02-26,9,10,Border_collie,0.894842,True,very confidence
703079050210877440,04:48:02,2016-02-26,11,10,Pembroke,0.778503,True,confidence
702684942141153280,02:42:00,2016-02-25,11,10,golden_retriever,0.514085,True,confidence
702539513671897089,17:04:07,2016-02-24,12,10,Pomeranian,0.714367,True,confidence
702321140488925184,02:36:23,2016-02-24,12,10,West_Highland_white_terrier,0.769159,True,confidence
702276748847800320,23:39:59,2016-02-23,11,10,Boston_bull,0.697303,True,confidence
701889187134500865,21:59:57,2016-02-22,11,10,French_bulldog,0.902856,True,very confidence
701601587219795968,02:57:08,2016-02-22,10,10,Chihuahua,0.993661,True,very confidence
701570477911896070,00:53:31,2016-02-22,9,10,Yorkshire_terrier,0.90799,True,very confidence
701214700881756160,01:19:47,2016-02-21,12,10,Chihuahua,0.615163,True,confidence
700864154249383937,02:06:50,2016-02-20,12,10,kuvasz,0.8058569999999999,True,confidence
700518061187723268,03:11:35,2016-02-19,10,10,American_Staffordshire_terrier,0.569501,True,confidence
700143752053182464,02:24:13,2016-02-18,10,10,golden_retriever,0.53246,True,confidence
700029284593901568,18:49:22,2016-02-17,10,10,West_Highland_white_terrier,0.726571,True,confidence
699801817392291840,03:45:29,2016-02-17,11,10,golden_retriever,0.808978,True,confidence
699779630832685056,02:17:19,2016-02-17,10,10,malinois,0.706038,True,confidence
699446877801091073,04:15:05,2016-02-16,12,10,Pembroke,0.9694,True,very confidence
699434518667751424,03:25:58,2016-02-16,12,10,golden_retriever,0.836572,True,confidence
699423671849451520,02:42:52,2016-02-16,10,10,pug,0.99786,True,very confidence
699413908797464576,02:04:04,2016-02-16,11,10,Samoyed,0.517479,True,confidence
699079609774645248,03:55:41,2016-02-15,8,10,schipperke,0.667324,True,confidence
699072405256409088,03:27:04,2016-02-15,12,10,Shih-Tzu,0.599587,True,confidence
698907974262222848,16:33:40,2016-02-14,10,10,German_short-haired_pointer,0.983131,True,very confidence
698703483621523456,03:01:06,2016-02-14,7,10,Brittany_spaniel,0.931963,True,very confidence
698549713696649216,16:50:04,2016-02-13,9,10,French_bulldog,0.998544,True,very confidence
698355670425473025,03:59:01,2016-02-13,10,10,pug,0.990191,True,very confidence
698342080612007937,03:05:01,2016-02-13,11,10,boxer,0.8830479999999999,True,very confidence
698195409219559425,17:22:12,2016-02-12,9,10,Labrador_retriever,0.64369,True,confidence
697990423684476929,03:47:39,2016-02-12,11,10,Pembroke,0.984783,True,very confidence
697616773278015490,03:02:54,2016-02-11,11,10,Lhasa,0.521931,True,confidence
697596423848730625,01:42:02,2016-02-11,11,10,Shetland_sheepdog,0.621668,True,confidence
697270446429966336,04:06:43,2016-02-10,10,10,toy_poodle,0.880014,True,very confidence
697259378236399616,03:22:44,2016-02-10,8,10,Great_Dane,0.999223,True,very confidence
696894894812565505,03:14:25,2016-02-09,9,10,Appenzeller,0.665628,True,confidence
695794761660297217,02:22:53,2016-02-06,13,10,Samoyed,0.962139,True,very confidence
695767669421768709,00:35:13,2016-02-06,13,10,soft-coated_wheaten_terrier,0.805139,True,confidence
695629776980148225,15:27:17,2016-02-05,8,10,Old_English_sheepdog,0.693857,True,confidence
695446424020918272,03:18:42,2016-02-05,12,10,basenji,0.748904,True,confidence
695409464418041856,00:51:51,2016-02-05,10,10,pug,0.997445,True,very confidence
695314793360662529,18:35:39,2016-02-04,10,10,Maltese_dog,0.678547,True,confidence
695074328191332352,02:40:08,2016-02-04,11,10,Shih-Tzu,0.5101060000000001,True,confidence
695051054296211456,01:07:39,2016-02-04,6,10,Boston_bull,0.761454,True,confidence
694329668942569472,01:21:07,2016-02-02,9,10,boxer,0.99006,True,very confidence
694001791655137281,03:38:15,2016-02-01,11,10,Pembroke,0.769999,True,confidence
693942351086120961,23:42:03,2016-01-31,10,10,groenendael,0.550796,True,confidence
693629975228977152,03:00:47,2016-01-31,12,10,pug,0.841987,True,very confidence
693262851218264065,02:41:58,2016-01-30,11,10,golden_retriever,0.989333,True,very confidence
693231807727280129,00:38:37,2016-01-30,9,10,vizsla,0.8764129999999999,True,very confidence
693155686491000832,19:36:08,2016-01-29,12,10,Shih-Tzu,0.69748,True,confidence
693109034023534592,16:30:45,2016-01-29,11,10,cocker_spaniel,0.740013,True,confidence
692919143163629568,03:56:12,2016-01-29,9,10,Saint_Bernard,0.612635,True,confidence
692894228850999298,02:17:12,2016-01-29,10,10,German_short-haired_pointer,0.876977,True,very confidence
692828166163931137,21:54:41,2016-01-28,12,10,Samoyed,0.985857,True,very confidence
692568918515392513,04:44:32,2016-01-28,12,10,golden_retriever,0.636845,True,confidence
692187005137076224,03:26:56,2016-01-27,12,10,Siberian_husky,0.810592,True,confidence
692158366030913536,01:33:08,2016-01-27,10,10,pug,0.956565,True,very confidence
692142790915014657,00:31:15,2016-01-27,13,10,toy_poodle,0.670068,True,confidence
691483041324204033,04:49:38,2016-01-25,5,10,bloodhound,0.886232,True,very confidence
691459709405118465,03:16:56,2016-01-25,12,10,Shetland_sheepdog,0.5512060000000001,True,confidence
691444869282295808,02:17:57,2016-01-25,12,10,Bernese_mountain_dog,0.767563,True,confidence
691416866452082688,00:26:41,2016-01-25,13,10,Lakeland_terrier,0.530104,True,confidence
691321916024623104,18:09:23,2016-01-24,11,10,Rottweiler,0.508981,True,confidence
690959652130045952,18:09:53,2016-01-23,11,10,golden_retriever,0.862964,True,very confidence
690735892932222976,03:20:44,2016-01-23,13,10,golden_retriever,0.883229,True,very confidence
690360449368465409,02:28:52,2016-01-22,9,10,pug,0.686933,True,confidence
690015576308211712,03:38:27,2016-01-21,12,10,malamute,0.949609,True,very confidence
689905486972461056,20:21:00,2016-01-20,11,10,Pomeranian,0.943331,True,very confidence
689835978131935233,15:44:48,2016-01-20,11,10,collie,0.600186,True,confidence
689517482558820352,18:39:13,2016-01-19,12,10,Pembroke,0.799319,True,confidence
689280876073582592,02:59:01,2016-01-19,10,10,Chihuahua,0.6375460000000001,True,confidence
689154315265683456,18:36:07,2016-01-18,9,10,cocker_spaniel,0.816044,True,confidence
688898160958271489,01:38:15,2016-01-18,10,10,Ibizan_hound,0.8531700000000001,True,very confidence
688828561667567616,21:01:41,2016-01-17,9,10,Cardigan,0.6142310000000001,True,confidence
688789766343622656,18:27:32,2016-01-17,8,10,American_Staffordshire_terrier,0.5996600000000001,True,confidence
688547210804498433,02:23:42,2016-01-17,9,10,papillon,0.531279,True,confidence
688519176466644993,00:32:18,2016-01-17,12,10,Pembroke,0.696372,True,confidence
688385280030670848,15:40:14,2016-01-16,12,10,golden_retriever,0.900437,True,very confidence
688116655151435777,21:52:49,2016-01-15,10,10,pug,0.973819,True,very confidence
687826841265172480,02:41:12,2016-01-15,12,10,Pomeranian,0.99721,True,very confidence
687818504314159109,02:08:05,2016-01-15,12,10,Lakeland_terrier,0.873029,True,very confidence
687704180304273409,18:33:48,2016-01-14,9,10,miniature_pinscher,0.956063,True,very confidence
687664829264453632,15:57:26,2016-01-14,11,10,pug,0.957365,True,very confidence
687317306314240000,16:56:30,2016-01-13,11,10,Shih-Tzu,0.747208,True,confidence
687109925361856513,03:12:26,2016-01-13,11,10,borzoi,0.883086,True,very confidence
686377065986265092,02:40:19,2016-01-11,10,10,German_shepherd,0.830816,True,confidence
686358356425093120,01:25:58,2016-01-11,10,10,pug,0.985237,True,very confidence
686050296934563840,05:01:51,2016-01-10,11,10,Pomeranian,0.985789,True,very confidence
686007916130873345,02:13:27,2016-01-10,11,10,Rhodesian_ridgeback,0.885301,True,very confidence
685325112850124800,05:00:14,2016-01-08,10,10,golden_retriever,0.586937,True,confidence
685321586178670592,04:46:13,2016-01-08,10,10,Boston_bull,0.972483,True,very confidence
685307451701334016,03:50:03,2016-01-08,11,10,Pomeranian,0.963176,True,very confidence
685268753634967552,01:16:17,2016-01-08,10,10,pug,0.999044,True,very confidence
685169283572338688,18:41:01,2016-01-07,11,10,Bernese_mountain_dog,0.975096,True,very confidence
684940049151070208,03:30:07,2016-01-07,12,10,Border_collie,0.665578,True,confidence
684926975086034944,02:38:10,2016-01-07,11,10,Labrador_retriever,0.769412,True,confidence
684902183876321280,00:59:40,2016-01-07,11,10,Pembroke,0.708034,True,confidence
684594889858887680,04:38:35,2016-01-06,10,10,Weimaraner,0.948688,True,very confidence
684538444857667585,00:54:18,2016-01-06,12,10,Chihuahua,0.702583,True,confidence
684481074559381504,21:06:19,2016-01-05,10,10,Chihuahua,0.93781,True,very confidence
684460069371654144,19:42:51,2016-01-05,10,10,Labrador_retriever,0.673691,True,confidence
684241637099323392,05:14:53,2016-01-05,12,10,Pembroke,0.508498,True,confidence
684188786104872960,01:44:52,2016-01-05,10,10,kelpie,0.537782,True,confidence
684097758874210310,19:43:10,2016-01-04,10,10,Labrador_retriever,0.6278560000000001,True,confidence
683852578183077888,03:28:54,2016-01-04,10,10,toy_poodle,0.5513520000000001,True,confidence
683834909291606017,02:18:42,2016-01-04,9,10,Maltese_dog,0.738449,True,confidence
683828599284170753,01:53:37,2016-01-04,12,10,malamute,0.577376,True,confidence
683742671509258241,20:12:10,2016-01-03,11,10,Pembroke,0.895279,True,very confidence
683498322573824003,04:01:13,2016-01-03,11,10,Airedale,0.945362,True,very confidence
683481228088049664,02:53:17,2016-01-03,11,10,keeshond,0.508951,True,confidence
683391852557561860,20:58:09,2016-01-02,11,10,French_bulldog,0.992833,True,very confidence
683142553609318400,04:27:31,2016-01-02,9,10,Leonberg,0.605851,True,confidence
683111407806746624,02:23:45,2016-01-02,10,10,cocker_spaniel,0.901392,True,very confidence
683098815881154561,01:33:43,2016-01-02,12,10,golden_retriever,0.889848,True,very confidence
683030066213818368,21:00:32,2016-01-01,10,10,boxer,0.722218,True,confidence
682750546109968385,02:29:49,2016-01-01,9,10,English_setter,0.947198,True,very confidence
682429480204398592,05:14:01,2015-12-31,8,10,whippet,0.594701,True,confidence
682393905736888321,02:52:40,2015-12-31,11,10,vizsla,0.657275,True,confidence
682032003584274432,02:54:35,2015-12-30,11,10,schipperke,0.997953,True,very confidence
681694085539872773,04:31:49,2015-12-29,11,10,toy_poodle,0.920992,True,very confidence
681654059175129088,01:52:46,2015-12-29,12,10,Pomeranian,0.800538,True,confidence
681610798867845120,23:00:52,2015-12-28,12,10,toy_poodle,0.8217040000000001,True,confidence
681579835668455424,20:57:50,2015-12-28,8,10,Rottweiler,0.760671,True,confidence
681281657291280384,01:12:59,2015-12-28,11,10,Saint_Bernard,0.99883,True,very confidence
681193455364796417,19:22:30,2015-12-27,11,10,Pomeranian,0.992619,True,very confidence
680970795137544192,04:37:44,2015-12-27,9,10,pug,0.713102,True,confidence
680934982542561280,02:15:25,2015-12-27,10,10,Labrador_retriever,0.7843979999999999,True,confidence
680913438424612864,00:49:49,2015-12-27,11,10,Pomeranian,0.615678,True,confidence
680889648562991104,23:15:17,2015-12-26,9,10,Shetland_sheepdog,0.876337,True,very confidence
680801747103793152,17:25:59,2015-12-26,10,10,pug,0.99672,True,very confidence
680609293079592961,04:41:15,2015-12-26,9,10,French_bulldog,0.700764,True,confidence
680497766108381184,21:18:05,2015-12-25,12,10,Chihuahua,0.538354,True,confidence
680473011644985345,19:39:43,2015-12-25,10,10,Lakeland_terrier,0.796694,True,confidence
680191257256136705,01:00:07,2015-12-25,11,10,Brittany_spaniel,0.7332529999999999,True,confidence
680115823365742593,20:00:22,2015-12-24,9,10,pug,0.999365,True,very confidence
680100725817409536,19:00:23,2015-12-24,11,10,golden_retriever,0.6989609999999999,True,confidence
680055455951884288,16:00:30,2015-12-24,10,10,Samoyed,0.995466,True,very confidence
679862121895714818,03:12:15,2015-12-24,11,10,EntleBucher,0.5232060000000001,True,confidence
679844490799091713,02:02:12,2015-12-24,10,10,Airedale,0.903832,True,very confidence
679777920601223168,21:37:40,2015-12-23,10,10,bloodhound,0.5288189999999999,True,confidence
679530280114372609,05:13:38,2015-12-23,7,10,dalmatian,0.750256,True,confidence
679511351870550016,03:58:25,2015-12-23,7,10,Chihuahua,0.761972,True,confidence
679462823135686656,00:45:35,2015-12-23,11,10,toy_poodle,0.62178,True,confidence
678969228704284672,16:04:13,2015-12-21,11,10,Labrador_retriever,0.680251,True,confidence
678798276842360832,04:44:55,2015-12-21,7,10,Airedale,0.583122,True,confidence
678764513869611008,02:30:45,2015-12-21,10,10,Irish_terrier,0.696646,True,confidence
678755239630127104,01:53:54,2015-12-21,10,10,malamute,0.606654,True,confidence
678424312106393600,03:58:55,2015-12-20,2,10,Maltese_dog,0.759945,True,confidence
678396796259975168,02:09:34,2015-12-20,12,10,Pembroke,0.95618,True,very confidence
678389028614488064,01:38:42,2015-12-20,11,10,miniature_pinscher,0.516284,True,confidence
678341075375947776,22:28:09,2015-12-19,12,10,golden_retriever,0.853284,True,very confidence
678278586130948096,18:19:51,2015-12-19,10,10,Maltese_dog,0.897841,True,very confidence
678255464182861824,16:47:58,2015-12-19,9,10,Chihuahua,0.613819,True,confidence
678021115718029313,01:16:45,2015-12-19,12,10,miniature_pinscher,0.822048,True,confidence
677895101218201600,16:56:01,2015-12-18,9,10,dalmatian,0.550702,True,confidence
677698403548192770,03:54:25,2015-12-18,9,10,Shih-Tzu,0.916645,True,very confidence
677687604918272002,03:11:30,2015-12-18,11,10,Pembroke,0.573047,True,confidence
677673981332312066,02:17:22,2015-12-18,9,10,Maltese_dog,0.817908,True,confidence
677644091929329666,00:18:36,2015-12-18,11,10,Chihuahua,0.626236,True,confidence
677547928504967168,17:56:29,2015-12-17,12,10,American_Staffordshire_terrier,0.914978,True,very confidence
677530072887205888,16:45:31,2015-12-17,9,10,Staffordshire_bullterrier,0.6892590000000001,True,confidence
677334615166730240,03:48:51,2015-12-17,9,10,Lakeland_terrier,0.859392,True,very confidence
677314812125323265,02:30:09,2015-12-17,10,10,Blenheim_spaniel,0.924127,True,very confidence
677301033169788928,01:35:24,2015-12-17,5,10,Japanese_spaniel,0.6611779999999999,True,confidence
677269281705472000,23:29:14,2015-12-16,10,10,Shetland_sheepdog,0.656616,True,confidence
676957860086095872,02:51:45,2015-12-16,10,10,Labrador_retriever,0.772423,True,confidence
676946864479084545,02:08:04,2015-12-16,12,10,Pekinese,0.752707,True,confidence
676936541936185344,01:27:03,2015-12-16,8,10,Chesapeake_Bay_retriever,0.5452859999999999,True,confidence
676821958043033607,17:51:44,2015-12-15,11,10,Great_Pyrenees,0.8698040000000001,True,very confidence
676617503762681856,04:19:18,2015-12-15,13,10,Chihuahua,0.841084,True,very confidence
676603393314578432,03:23:14,2015-12-15,9,10,whippet,0.8770209999999999,True,very confidence
676588346097852417,02:23:26,2015-12-15,5,10,Boston_bull,0.976577,True,very confidence
676496375194980353,20:17:59,2015-12-14,9,10,pug,0.985387,True,very confidence
676470639084101634,18:35:43,2015-12-14,11,10,golden_retriever,0.7903859999999999,True,confidence
676440007570247681,16:34:00,2015-12-14,11,10,Maltese_dog,0.579472,True,confidence
676430933382295552,15:57:56,2015-12-14,10,10,golden_retriever,0.583875,True,confidence
676237365392908289,03:08:46,2015-12-14,8,10,French_bulldog,0.961996,True,very confidence
676089483918516224,17:21:08,2015-12-13,9,10,bull_mastiff,0.743808,True,confidence
675888385639251968,04:02:03,2015-12-13,10,10,West_Highland_white_terrier,0.672117,True,confidence
675845657354215424,01:12:15,2015-12-13,10,10,pug,0.8839520000000001,True,very confidence
675820929667219457,23:34:00,2015-12-12,11,10,basset,0.556373,True,confidence
675798442703122432,22:04:39,2015-12-12,10,10,beagle,0.681218,True,confidence
675781562965868544,20:57:34,2015-12-12,11,10,Maltese_dog,0.921968,True,very confidence
675740360753160193,18:13:51,2015-12-12,12,10,golden_retriever,0.800495,True,confidence
675706639471788032,15:59:51,2015-12-12,10,10,English_springer,0.9903,True,very confidence
675534494439489536,04:35:48,2015-12-12,11,10,chow,0.749368,True,confidence
675531475945709568,04:23:49,2015-12-12,10,10,Pembroke,0.918441,True,very confidence
675497103322386432,02:07:14,2015-12-12,11,10,vizsla,0.5195890000000001,True,confidence
675432746517426176,21:51:30,2015-12-11,12,10,Labrador_retriever,0.986548,True,very confidence
675349384339542016,16:20:15,2015-12-11,13,10,borzoi,0.866367,True,very confidence
675334060156301312,15:19:21,2015-12-11,12,10,Pembroke,0.773135,True,confidence
675149409102012420,03:05:37,2015-12-11,12,10,chow,0.999876,True,very confidence
675147105808306176,02:56:28,2015-12-11,10,10,golden_retriever,0.949215,True,very confidence
675111688094527488,00:35:44,2015-12-11,8,10,Labrador_retriever,0.631501,True,confidence
675109292475830276,00:26:12,2015-12-11,9,10,dalmatian,0.989519,True,very confidence
675047298674663426,20:19:52,2015-12-10,11,10,Samoyed,0.978007,True,very confidence
675006312288268288,17:37:00,2015-12-10,10,10,boxer,0.654697,True,confidence
675003128568291329,17:24:21,2015-12-10,12,10,Pembroke,0.655279,True,confidence
674999807681908736,17:11:09,2015-12-10,13,10,Rottweiler,0.591829,True,confidence
674805413498527744,04:18:42,2015-12-10,10,10,English_springer,0.594467,True,confidence
674800520222154752,03:59:15,2015-12-10,11,10,Pembroke,0.8764790000000001,True,very confidence
674790488185167872,03:19:24,2015-12-10,13,10,Labrador_retriever,0.8019029999999999,True,confidence
674764817387900928,01:37:23,2015-12-10,10,10,Samoyed,0.634695,True,confidence
674752233200820224,00:47:23,2015-12-10,12,10,vizsla,0.665516,True,confidence
674743008475090944,00:10:43,2015-12-10,10,10,Bernese_mountain_dog,0.583054,True,confidence
674737130913071104,23:47:22,2015-12-09,10,10,Pomeranian,0.948537,True,very confidence
674646392044941312,17:46:48,2015-12-09,5,10,flat-coated_retriever,0.837448,True,confidence
674638615994089473,17:15:54,2015-12-09,12,10,Pomeranian,0.846986,True,very confidence
674468880899788800,06:01:26,2015-12-09,13,10,chow,0.52623,True,confidence
674422304705744896,02:56:22,2015-12-09,12,10,golden_retriever,0.964497,True,very confidence
674291837063053312,18:17:56,2015-12-08,11,10,Cardigan,0.611525,True,confidence
674271431610523648,16:56:51,2015-12-08,10,10,German_shepherd,0.991454,True,very confidence
674269164442398721,16:47:50,2015-12-08,8,10,pug,0.6229210000000001,True,confidence
674262580978937856,16:21:41,2015-12-08,9,10,Greater_Swiss_Mountain_dog,0.519428,True,confidence
674255168825880576,15:52:13,2015-12-08,10,10,Eskimo_dog,0.615741,True,confidence
674082852460433408,04:27:30,2015-12-08,11,10,Pomeranian,0.666957,True,confidence
674053186244734976,02:29:37,2015-12-08,10,10,Cardigan,0.984725,True,very confidence
674042553264685056,01:47:22,2015-12-08,12,10,toy_poodle,0.927975,True,very confidence
674036086168010753,01:21:40,2015-12-08,9,10,toy_poodle,0.685617,True,confidence
674024893172875264,00:37:11,2015-12-08,10,10,Pomeranian,0.6485,True,confidence
674019345211760640,00:15:09,2015-12-08,10,10,collie,0.992732,True,very confidence
674014384960745472,23:55:26,2015-12-07,11,10,Pembroke,0.74232,True,confidence
673956914389192708,20:07:04,2015-12-07,10,10,pug,0.5861609999999999,True,confidence
673711475735838725,03:51:47,2015-12-07,10,10,Maltese_dog,0.607401,True,confidence
673708611235921920,03:40:24,2015-12-07,12,10,golden_retriever,0.936333,True,very confidence
673707060090052608,03:34:14,2015-12-07,10,10,German_short-haired_pointer,0.935771,True,very confidence
673680198160809984,01:47:30,2015-12-07,13,10,Samoyed,0.989853,True,very confidence
673662677122719744,00:37:52,2015-12-07,12,10,Labrador_retriever,0.95767,True,very confidence
673656262056419329,00:12:23,2015-12-07,10,10,bull_mastiff,0.700625,True,confidence
673580926094458881,19:13:01,2015-12-06,8,10,beagle,0.985062,True,very confidence
673359818736984064,04:34:25,2015-12-06,8,10,English_setter,0.6965680000000001,True,confidence
673355879178194945,04:18:46,2015-12-06,11,10,Rottweiler,0.5292479999999999,True,confidence
673352124999274496,04:03:51,2015-12-06,12,10,golden_retriever,0.672808,True,confidence
673343217010679808,03:28:27,2015-12-06,11,10,Chihuahua,0.541408,True,confidence
673320132811366400,01:56:44,2015-12-06,11,10,Samoyed,0.978833,True,very confidence
673295268553605120,00:17:55,2015-12-06,8,10,golden_retriever,0.889241,True,very confidence
673270968295534593,22:41:22,2015-12-05,11,10,Shih-Tzu,0.610453,True,confidence
673213039743795200,18:51:11,2015-12-05,10,10,schipperke,0.8880819999999999,True,very confidence
672997845381865473,04:36:04,2015-12-05,12,10,chow,0.517255,True,confidence
672995267319328768,04:25:50,2015-12-05,8,10,French_bulldog,0.7195590000000001,True,confidence
672988786805112832,04:00:04,2015-12-05,10,10,Lakeland_terrier,0.8366319999999999,True,confidence
672975131468300288,03:05:49,2015-12-05,10,10,pug,0.8364209999999999,True,confidence
672968025906282496,02:37:35,2015-12-05,11,10,toy_poodle,0.678046,True,confidence
672834301050937345,17:46:12,2015-12-04,10,10,Pembroke,0.5825600000000001,True,confidence
672622327801233409,03:43:54,2015-12-04,12,10,golden_retriever,0.952773,True,very confidence
672604026190569472,02:31:10,2015-12-04,11,10,toy_poodle,0.8201579999999999,True,confidence
672594978741354496,01:55:13,2015-12-04,9,10,Great_Pyrenees,0.755945,True,confidence
672591762242805761,01:42:26,2015-12-04,10,10,kuvasz,0.777659,True,confidence
672523490734551040,21:11:09,2015-12-03,10,10,golden_retriever,0.5659810000000001,True,confidence
672488522314567680,18:52:12,2015-12-03,10,10,Doberman,0.605358,True,confidence
672482722825261057,18:29:09,2015-12-03,10,10,West_Highland_white_terrier,0.5861729999999999,True,confidence
672481316919734272,18:23:34,2015-12-03,12,10,Border_collie,0.599454,True,confidence
672272411274932228,04:33:27,2015-12-03,11,10,pug,0.914685,True,very confidence
672267570918129665,04:14:13,2015-12-03,10,10,Irish_terrier,0.716932,True,confidence
672264251789176834,04:01:02,2015-12-03,10,10,Chihuahua,0.6098600000000001,True,confidence
672254177670729728,03:21:00,2015-12-03,11,10,pug,0.979487,True,very confidence
672245253877968896,02:45:32,2015-12-03,12,10,Chihuahua,0.7189439999999999,True,confidence
672222792075620352,01:16:17,2015-12-03,9,10,beagle,0.958178,True,very confidence
672169685991993344,21:45:16,2015-12-02,10,10,cocker_spaniel,0.991011,True,very confidence
672160042234327040,21:06:56,2015-12-02,8,10,pug,0.561027,True,confidence
672095186491711488,16:49:14,2015-12-02,9,10,pug,0.794087,True,confidence
672068090318987265,15:01:33,2015-12-02,7,10,pug,0.8633850000000001,True,very confidence
671891728106971137,03:20:45,2015-12-02,11,10,Labrador_retriever,0.567933,True,confidence
671866342182637568,01:39:53,2015-12-02,10,10,Labrador_retriever,0.8756139999999999,True,very confidence
671768281401958400,19:10:13,2015-12-01,10,10,Chihuahua,0.500373,True,confidence
671542985629241344,04:14:59,2015-12-01,10,10,Shetland_sheepdog,0.980339,True,very confidence
671536543010570240,03:49:23,2015-12-01,9,10,pug,0.537652,True,confidence
671528761649688577,03:18:27,2015-12-01,10,10,Doberman,0.782626,True,confidence
671520732782923777,02:46:33,2015-12-01,10,10,Pomeranian,0.551031,True,confidence
671486386088865792,00:30:04,2015-12-01,10,10,German_shepherd,0.8270350000000001,True,confidence
671485057807351808,00:24:48,2015-12-01,11,10,Samoyed,0.627901,True,confidence
671357843010908160,15:59:17,2015-11-30,9,10,Italian_greyhound,0.831757,True,confidence
671151324042559489,02:18:39,2015-11-30,12,10,Rottweiler,0.781201,True,confidence
671138694582165504,01:28:28,2015-11-30,10,10,Samoyed,0.587342,True,confidence
671109016219725825,23:30:32,2015-11-29,8,10,basenji,0.855959,True,very confidence
670995969505435648,16:01:20,2015-11-29,12,10,redbone,0.8662209999999999,True,very confidence
670840546554966016,05:43:44,2015-11-29,10,10,Shih-Tzu,0.963622,True,very confidence
670833812859932673,05:16:59,2015-11-29,7,10,Pekinese,0.609853,True,confidence
670823764196741120,04:37:03,2015-11-29,12,10,Labrador_retriever,0.947453,True,very confidence
670815497391357952,04:04:12,2015-11-29,10,10,American_Staffordshire_terrier,0.919714,True,very confidence
670811965569282048,03:50:10,2015-11-29,10,10,basset,0.99409,True,very confidence
670807719151067136,03:33:17,2015-11-29,11,10,Old_English_sheepdog,0.958035,True,very confidence
670804601705242624,03:20:54,2015-11-29,10,10,Pomeranian,0.86856,True,very confidence
670782429121134593,01:52:48,2015-11-29,5,10,Chihuahua,0.952963,True,very confidence
670778058496974848,01:35:26,2015-11-29,10,10,pug,0.776612,True,confidence
670755717859713024,00:06:39,2015-11-29,9,10,keeshond,0.994065,True,very confidence
670676092097810432,18:50:15,2015-11-28,8,10,Dandie_Dinmont,0.6761020000000001,True,confidence
670411370698022913,01:18:21,2015-11-28,12,10,Maltese_dog,0.584397,True,confidence
670403879788544000,00:48:35,2015-11-28,10,10,pug,0.8022229999999999,True,confidence
670374371102445568,22:51:19,2015-11-27,12,10,English_springer,0.974936,True,very confidence
670073503555706880,02:55:47,2015-11-27,10,10,malamute,0.6018859999999999,True,confidence
670046952931721218,01:10:17,2015-11-27,11,10,Blenheim_spaniel,0.998335,True,very confidence
669970042633789440,20:04:40,2015-11-26,10,10,miniature_pinscher,0.734744,True,confidence
669942763794931712,18:16:16,2015-11-26,11,10,vizsla,0.743216,True,confidence
669926384437997569,17:11:11,2015-11-26,12,10,Pomeranian,0.984231,True,very confidence
669753178989142016,05:42:55,2015-11-26,10,10,Pembroke,0.8584940000000001,True,very confidence
669683899023405056,01:07:38,2015-11-26,10,10,Pomeranian,0.998275,True,very confidence
669603084620980224,19:46:30,2015-11-25,10,10,Maltese_dog,0.659619,True,confidence
669597912108789760,19:25:57,2015-11-25,10,10,Eskimo_dog,0.595665,True,confidence
669573570759163904,17:49:14,2015-11-25,10,10,West_Highland_white_terrier,0.946828,True,very confidence
669567591774625800,17:25:28,2015-11-25,9,10,Chihuahua,0.980511,True,very confidence
669564461267722241,17:13:02,2015-11-25,10,10,toy_poodle,0.623685,True,confidence
669367896104181761,04:11:57,2015-11-25,10,10,basset,0.749394,True,confidence
669363888236994561,03:56:01,2015-11-25,10,10,golden_retriever,0.539004,True,confidence
669354382627049472,03:18:15,2015-11-25,8,10,Chihuahua,0.97399,True,very confidence
669327207240699904,01:30:16,2015-11-25,13,10,golden_retriever,0.919584,True,very confidence
669216679721873412,18:11:04,2015-11-24,8,10,golden_retriever,0.992758,True,very confidence
669203728096960512,17:19:36,2015-11-24,9,10,pug,0.910452,True,very confidence
669037058363662336,06:17:19,2015-11-24,10,10,Chihuahua,0.803528,True,confidence
669000397445533696,03:51:38,2015-11-24,11,10,Pembroke,0.82294,True,confidence
668989615043424256,03:08:48,2015-11-24,3,10,pug,0.917326,True,very confidence
668979806671884288,02:29:49,2015-11-24,12,10,golden_retriever,0.608537,True,confidence
668975677807423489,02:13:25,2015-11-24,11,10,basset,0.605437,True,confidence
668902994700836864,21:24:36,2015-11-23,11,10,Brittany_spaniel,0.828425,True,confidence
668852170888998912,18:02:38,2015-11-23,11,10,golden_retriever,0.903529,True,very confidence
668826086256599040,16:18:59,2015-11-23,10,10,malinois,0.640185,True,confidence
668636665813057536,03:46:18,2015-11-23,10,10,komondor,0.999956,True,very confidence
668633411083464705,03:33:22,2015-11-23,10,10,Pekinese,0.589011,True,confidence
668631377374486528,03:25:17,2015-11-23,5,10,miniature_schnauzer,0.904549,True,very confidence
668627278264475648,03:09:00,2015-11-23,9,10,French_bulldog,0.965403,True,very confidence
668623201287675904,02:52:48,2015-11-23,10,10,Chihuahua,0.708163,True,confidence
668567822092664832,23:12:44,2015-11-22,11,10,Shih-Tzu,0.985649,True,very confidence
668484198282485761,17:40:27,2015-11-22,9,10,standard_poodle,0.587372,True,confidence
668248472370458624,02:03:45,2015-11-22,8,10,Chihuahua,0.7345470000000001,True,confidence
668237644992782336,01:20:44,2015-11-22,10,10,chow,0.8093199999999999,True,confidence
668204964695683073,23:10:52,2015-11-21,8,10,Labrador_retriever,0.65518,True,confidence
668190681446379520,22:14:07,2015-11-21,12,10,Blenheim_spaniel,0.958402,True,very confidence
668171859951755264,20:59:20,2015-11-21,7,10,Chihuahua,0.664834,True,confidence
668113020489474048,17:05:31,2015-11-21,6,10,Pembroke,0.548896,True,confidence
667886921285246976,02:07:05,2015-11-21,11,10,Pomeranian,0.8004319999999999,True,confidence
667861340749471744,00:25:26,2015-11-21,9,10,malamute,0.967275,True,very confidence
667801013445750784,20:25:43,2015-11-20,12,10,flat-coated_retriever,0.508392,True,confidence
667793409583771648,19:55:30,2015-11-20,8,10,dalmatian,0.5350729999999999,True,confidence
667546741521195010,03:35:20,2015-11-20,9,10,toy_poodle,0.787424,True,confidence
667538891197542400,03:04:08,2015-11-20,9,10,Yorkshire_terrier,0.618957,True,confidence
667530908589760512,02:32:25,2015-11-20,10,10,golden_retriever,0.633037,True,confidence
667509364010450944,01:06:48,2015-11-20,12,10,beagle,0.636169,True,confidence
667502640335572993,00:40:05,2015-11-20,11,10,Labrador_retriever,0.996709,True,very confidence
667491009379606528,23:53:52,2015-11-19,7,10,borzoi,0.852088,True,very confidence
667455448082227200,21:32:34,2015-11-19,7,10,Tibetan_terrier,0.676376,True,confidence
667453023279554560,21:22:56,2015-11-19,11,10,Labrador_retriever,0.8256700000000001,True,confidence
667435689202614272,20:14:03,2015-11-19,12,10,Rottweiler,0.999091,True,very confidence
667393430834667520,17:26:08,2015-11-19,8,10,papillon,0.557009,True,confidence
667200525029539841,04:39:35,2015-11-19,11,10,Siberian_husky,0.694904,True,confidence
667182792070062081,03:29:07,2015-11-19,10,10,golden_retriever,0.949892,True,very confidence
667171260800061440,02:43:18,2015-11-19,10,10,giant_schnauzer,0.8412649999999999,True,very confidence
667152164079423490,01:27:25,2015-11-19,12,10,toy_poodle,0.535411,True,confidence
667138269671505920,00:32:12,2015-11-19,10,10,West_Highland_white_terrier,0.747713,True,confidence
667119796878725120,23:18:48,2015-11-18,10,10,Pembroke,0.741563,True,confidence
667090893657276420,21:23:57,2015-11-18,7,10,Chihuahua,0.959514,True,very confidence
667062181243039745,19:29:52,2015-11-18,10,10,Chesapeake_Bay_retriever,0.825678,True,confidence
667044094246576128,18:17:59,2015-11-18,12,10,golden_retriever,0.765266,True,confidence
666781792255496192,00:55:42,2015-11-18,10,10,Italian_greyhound,0.618316,True,confidence
666739327293083650,22:06:57,2015-11-17,10,10,miniature_poodle,0.546933,True,confidence
666701168228331520,19:35:19,2015-11-17,8,10,Labrador_retriever,0.887707,True,very confidence
666691418707132416,18:56:35,2015-11-17,8,10,German_shepherd,0.975401,True,very confidence
666437273139982337,02:06:42,2015-11-17,7,10,Chihuahua,0.6718529999999999,True,confidence
666421158376562688,01:02:40,2015-11-17,12,10,Blenheim_spaniel,0.906777,True,very confidence
666407126856765440,00:06:54,2015-11-17,7,10,black-and-tan_coonhound,0.529139,True,confidence
666396247373291520,23:23:41,2015-11-16,9,10,Chihuahua,0.978108,True,very confidence
666345417576210432,20:01:42,2015-11-16,10,10,golden_retriever,0.8587440000000001,True,very confidence
666099513787052032,03:44:34,2015-11-16,8,10,Lhasa,0.58233,True,confidence
666071193221509120,01:52:02,2015-11-16,9,10,Gordon_setter,0.503672,True,confidence
666063827256086533,01:22:45,2015-11-16,10,10,golden_retriever,0.77593,True,confidence
666055525042405380,00:49:46,2015-11-16,10,10,chow,0.692517,True,confidence
666050758794694657,00:30:50,2015-11-16,10,10,Bernese_mountain_dog,0.651137,True,confidence
666049248165822465,00:24:50,2015-11-16,5,10,miniature_pinscher,0.560311,True,confidence
666033412701032449,23:21:54,2015-11-15,9,10,German_shepherd,0.596461,True,confidence
666029285002620928,23:05:30,2015-11-15,7,10,redbone,0.506826,True,confidence
